{"loss": [1.321239948272705, 0.43449947237968445, 0.26398995518684387, 0.18043307960033417, 0.12977395951747894, 0.1042797639966011, 0.08361399918794632, 0.06966576725244522, 0.06145849823951721, 0.05511786416172981], "accuracy": [0.6085638999938965, 0.8623088598251343, 0.9156696796417236, 0.9410768747329712, 0.9581620097160339, 0.9654313921928406, 0.973198652267456, 0.9770823121070862, 0.9799843430519104, 0.9823600649833679], "val_loss": [0.5096872448921204, 0.27256375551223755, 0.2143009603023529, 0.15167786180973053, 0.15146072208881378, 0.18249109387397766, 0.15336282551288605, 0.11458189785480499, 0.09138557314872742, 0.10268490016460419], "val_accuracy": [0.840883195400238, 0.9120191335678101, 0.9288641214370728, 0.9495788812637329, 0.950717031955719, 0.9444001913070679, 0.9525381326675415, 0.9630093574523926, 0.9727407097816467, 0.969041645526886]}